{
  "k_max": 8,
  "k_effective": 8,
  "n_interactions_total": 28,
  "n_interactions_active": 15,
  "alpha_mean": [
    1.088557481765747,
    0.6734679937362671,
    1.0478461980819702,
    1.3316706418991089,
    0.6982238292694092,
    1.2005270719528198,
    1.2921926975250244,
    1.3771435022354126
  ],
  "alpha_std": [
    0.11338144540786743,
    0.06840828061103821,
    0.10370498150587082,
    0.13214115798473358,
    0.06531686335802078,
    0.11880090832710266,
    0.13657137751579285,
    0.14337413012981415
  ],
  "beta_mean": [
    -0.07612919807434082,
    0.22961273789405823,
    -0.3682708740234375,
    -0.20212385058403015,
    0.021222999319434166,
    0.27549487352371216,
    -0.006171669345349073,
    -0.12045615166425705
  ],
  "beta_std": [
    0.0991583839058876,
    0.10037808865308762,
    0.09879794716835022,
    0.10499154776334763,
    0.1045285314321518,
    0.09836076945066452,
    0.09628548473119736,
    0.09700944274663925
  ],
  "final_loss": 1900641.75
}