{
  "y_peak_ovr": {
    "train": {
      "n": 422,
      "rmse": 1.5692641670367904,
      "mae": 1.2723631136080524,
      "r2": 0.37518225287528606,
      "spearman": 0.7962567298076664
    },
    "val": {
      "n": 157,
      "rmse": 1.7535586383775876,
      "mae": 1.41747421190285,
      "r2": -0.06748856464325481,
      "spearman": 0.04649381499164964
    },
    "test": {
      "n": 223,
      "rmse": 1.8370201802932522,
      "mae": 1.5220288873554078,
      "r2": -0.40079232751924065,
      "spearman": -0.004670491470622316
    },
    "config": {
      "type": "regression",
      "weight_col": "peak_poss",
      "description": "Peak 3-year RAPM (primary)"
    }
  },
  "gap_ts_legacy": {
    "train": {
      "n": 376,
      "rmse": 0.08197078039634788,
      "mae": 0.057659863272287046,
      "r2": 0.44873554440762153,
      "spearman": 0.7590850499463851
    },
    "val": {
      "n": 127,
      "rmse": 0.11908098322558042,
      "mae": 0.07624775323524004,
      "r2": 0.061254253458998265,
      "spearman": 0.29352385639295087
    },
    "test": {
      "n": 192,
      "rmse": 0.10551321639271607,
      "mae": 0.0733881077199754,
      "r2": 0.12115590839628909,
      "spearman": 0.47397288609174515
    },
    "config": {
      "type": "regression",
      "weight_col": "year1_mp",
      "description": "TS% translation (NBA Y1 - College Final)"
    }
  },
  "year1_epm_tot": {
    "train": {
      "n": 383,
      "rmse": 0.9628190948727156,
      "mae": 0.6962792642331483,
      "r2": 0.6666368511076279,
      "spearman": 0.8584297881254557
    },
    "val": {
      "n": 129,
      "rmse": 1.6382482759502492,
      "mae": 1.3228572234813363,
      "r2": -0.04242091164851436,
      "spearman": 0.16296958855098392
    },
    "test": {
      "n": 193,
      "rmse": 1.698160030248846,
      "mae": 1.3484476530087448,
      "r2": -0.04401589981056264,
      "spearman": 0.18175110838096256
    },
    "config": {
      "type": "regression",
      "weight_col": "year1_mp",
      "description": "Year-1 EPM total"
    }
  },
  "made_nba": {
    "train": {
      "n": 483,
      "auc": 0.9107142857142857,
      "accuracy": 0.94824016563147
    },
    "val": {
      "n": 183,
      "auc": 0.534371108343711,
      "accuracy": 0.6174863387978142
    },
    "test": {
      "n": 250,
      "auc": 0.4987522281639929,
      "accuracy": 0.632
    },
    "config": {
      "type": "binary",
      "weight_col": null,
      "description": "Made NBA (Year-1 minutes >= 100)"
    }
  }
}