{
  "y_peak_ovr": {
    "train": {
      "n": 422,
      "rmse": 1.3810366053046765,
      "mae": 1.1003916363869306,
      "r2": 0.5160821739767898,
      "spearman": 0.8286228818785989
    },
    "val": {
      "n": 157,
      "rmse": 1.7742608639191308,
      "mae": 1.434387646819091,
      "r2": -0.09284253846771628,
      "spearman": 0.0502011021138078
    },
    "test": {
      "n": 223,
      "rmse": 1.815982074089372,
      "mae": 1.4956941476526082,
      "r2": -0.3688914607479947,
      "spearman": 0.061668667267799945
    },
    "config": {
      "type": "regression",
      "weight_col": "peak_poss",
      "description": "Peak 3-year RAPM (primary)"
    }
  },
  "gap_ts_legacy": {
    "train": {
      "n": 376,
      "rmse": 0.08120910391334211,
      "mae": 0.05668424063189498,
      "r2": 0.4589326993691779,
      "spearman": 0.7649865116541565
    },
    "val": {
      "n": 127,
      "rmse": 0.11856123819126473,
      "mae": 0.07514539987137843,
      "r2": 0.06943093551049451,
      "spearman": 0.3606931946006749
    },
    "test": {
      "n": 192,
      "rmse": 0.10429224909863809,
      "mae": 0.0726404243138114,
      "r2": 0.14137766792580653,
      "spearman": 0.4707158939858395
    },
    "config": {
      "type": "regression",
      "weight_col": "year1_mp",
      "description": "TS% translation (NBA Y1 - College Final)"
    }
  },
  "year1_epm_tot": {
    "train": {
      "n": 383,
      "rmse": 1.1971946107647173,
      "mae": 0.9183893407174131,
      "r2": 0.48458422494957654,
      "spearman": 0.7825391849178267
    },
    "val": {
      "n": 129,
      "rmse": 1.6663919152940783,
      "mae": 1.3694551088189886,
      "r2": -0.07854426947000115,
      "spearman": 0.15791592128801435
    },
    "test": {
      "n": 193,
      "rmse": 1.750824735934317,
      "mae": 1.4116619506011248,
      "r2": -0.1097757509088979,
      "spearman": 0.04425177608033758
    },
    "config": {
      "type": "regression",
      "weight_col": "year1_mp",
      "description": "Year-1 EPM total"
    }
  },
  "made_nba": {
    "train": {
      "n": 483,
      "auc": 0.7642857142857142,
      "accuracy": 0.8633540372670807
    },
    "val": {
      "n": 183,
      "auc": 0.4909713574097136,
      "accuracy": 0.5846994535519126
    },
    "test": {
      "n": 250,
      "auc": 0.5081996434937611,
      "accuracy": 0.652
    },
    "config": {
      "type": "binary",
      "weight_col": null,
      "description": "Made NBA (Year-1 minutes >= 100)"
    }
  }
}