{
  "k_max": 32,
  "k_effective": 0,
  "n_interactions_total": 496,
  "n_interactions_active": 8,
  "alpha_mean": [
    0.0030068468768149614,
    0.0031693787313997746,
    0.003528387751430273,
    0.00319546926766634,
    0.0033332889433950186,
    0.0030134785920381546,
    0.004129588138312101,
    0.0033177989535033703,
    0.003057026769965887,
    0.003345414297655225,
    0.0034240942914038897,
    0.0035218861885368824,
    0.003283877158537507,
    0.003104814561083913,
    0.003445788286626339,
    0.0032562243286520243,
    0.0031614252366125584,
    0.0034670070745050907,
    0.04191746190190315,
    0.0031998311169445515,
    0.003459794679656625,
    0.003563700243830681,
    0.0037162837106734514,
    0.003574610222131014,
    0.0032741171307861805,
    0.0029504115227609873,
    0.0030825003050267696,
    0.0035789464600384235,
    0.003223009640350938,
    0.0031518565956503153,
    0.0034042929764837027,
    0.003518035402521491
  ],
  "alpha_std": [
    0.002263417234644294,
    0.002443937584757805,
    0.0029858704656362534,
    0.0024952893145382404,
    0.002909373724833131,
    0.002432773821055889,
    0.0028578974306583405,
    0.0031786186154931784,
    0.0025650279130786657,
    0.002744911937043071,
    0.0027772558387368917,
    0.0031678115483373404,
    0.002821133239194751,
    0.002516599604859948,
    0.002771954284980893,
    0.0026717153377830982,
    0.0025058186147361994,
    0.0029281475581228733,
    0.0026350461412221193,
    0.002268886659294367,
    0.0029808299150317907,
    0.0028956811875104904,
    0.0024125881027430296,
    0.0031703151762485504,
    0.002837028121575713,
    0.0022930442355573177,
    0.0023448681458830833,
    0.002889901865273714,
    0.002448960905894637,
    0.0027020201086997986,
    0.0029401194769889116,
    0.0032070432789623737
  ],
  "beta_mean": [
    0.013934249989688396,
    -0.013294864445924759,
    0.040548015385866165,
    -0.011499714106321335,
    -0.012129425071179867,
    0.0019178228685632348,
    -0.01827634498476982,
    0.011545003391802311,
    -0.012832004576921463,
    0.0004608307499438524,
    0.012292873114347458,
    0.025130998343229294,
    0.034254156053066254,
    0.009425108321011066,
    -0.047796957194805145,
    -0.03749402239918709,
    -0.016425179317593575,
    0.023915981873869896,
    -0.5560895204544067,
    -0.016064034774899483,
    -0.0337098129093647,
    -0.02584022283554077,
    0.04088496416807175,
    -0.036358047276735306,
    0.024569779634475708,
    -0.012398068793118,
    0.04988605156540871,
    0.038658905774354935,
    0.04246167093515396,
    -0.018526913598179817,
    0.05435536056756973,
    0.04340308532118797
  ],
  "beta_std": [
    0.35297468304634094,
    0.3745431900024414,
    0.35849252343177795,
    0.37648338079452515,
    0.36866387724876404,
    0.3660043478012085,
    0.3389483690261841,
    0.3554152548313141,
    0.3697856068611145,
    0.3580935001373291,
    0.3842576742172241,
    0.3547194302082062,
    0.35455355048179626,
    0.33788567781448364,
    0.3415135443210602,
    0.3696173429489136,
    0.3488898277282715,
    0.346732497215271,
    0.08989497274160385,
    0.36145633459091187,
    0.36177337169647217,
    0.3633858561515808,
    0.37927910685539246,
    0.3924194872379303,
    0.364889919757843,
    0.3434552550315857,
    0.34730520844459534,
    0.3535066246986389,
    0.35848262906074524,
    0.37721651792526245,
    0.35518577694892883,
    0.34386885166168213
  ],
  "final_loss": 5843.28076171875
}