{
  "k_max": 32,
  "k_effective": 0,
  "n_interactions_total": 496,
  "n_interactions_active": 10,
  "alpha_mean": [
    0.0027142229955643415,
    0.002826514421030879,
    0.003211981151252985,
    0.002850789111107588,
    0.0030532556120306253,
    0.021919840946793556,
    0.0031136234756559134,
    0.0029924872796982527,
    0.002750570187345147,
    0.002992538968101144,
    0.003256296506151557,
    0.0030950659420341253,
    0.002956089796498418,
    0.002865271409973502,
    0.003207201138138771,
    0.0028889693785458803,
    0.002793068066239357,
    0.0029820322524756193,
    0.02967255190014839,
    0.0027052455116063356,
    0.0030551785603165627,
    0.00321204774081707,
    0.002959143603220582,
    0.003165182424709201,
    0.002953513292595744,
    0.00263092084787786,
    0.00261321640573442,
    0.003077174536883831,
    0.0029017033521085978,
    0.0029876097105443478,
    0.0030773186590522528,
    0.004172859713435173
  ],
  "alpha_std": [
    0.0020853932946920395,
    0.0020944965071976185,
    0.0027469629421830177,
    0.0022497663740068674,
    0.002677359851077199,
    0.0019470388069748878,
    0.0024185983929783106,
    0.002940346719697118,
    0.002311265328899026,
    0.002448938088491559,
    0.002575902035459876,
    0.002770997118204832,
    0.0025661978870630264,
    0.0023560235276818275,
    0.002563818357884884,
    0.002338363556191325,
    0.0022001818288117647,
    0.002471073530614376,
    0.0028019079472869635,
    0.0019034723518416286,
    0.0026751821860671043,
    0.00258556823246181,
    0.0021110668312758207,
    0.002828476717695594,
    0.0026627236511558294,
    0.0020917521324008703,
    0.0020291197579354048,
    0.0024686141405254602,
    0.0022186024580150843,
    0.002594798570498824,
    0.002705993130803108,
    0.003040763083845377
  ],
  "beta_mean": [
    0.0047049131244421005,
    -0.001046643708832562,
    0.04191549867391586,
    -0.004141643177717924,
    -0.02112017199397087,
    -0.008934587240219116,
    -0.0026300924364477396,
    0.02300272509455681,
    -0.009846226312220097,
    -0.006458141375333071,
    0.016425952315330505,
    0.036546193063259125,
    0.01528460904955864,
    9.221947402693331e-05,
    -0.05016685649752617,
    -0.03576172515749931,
    -0.011548735201358795,
    0.015799643471837044,
    -0.7645175457000732,
    0.0009270727750845253,
    -0.03600971773266792,
    -0.02826499193906784,
    0.03349938988685608,
    -0.037708528339862823,
    0.006734831258654594,
    -0.02120484970510006,
    0.05238623544573784,
    0.023961180821061134,
    0.03502846136689186,
    -0.018258990719914436,
    0.05464151129126549,
    0.03859274089336395
  ],
  "beta_std": [
    0.36546894907951355,
    0.3840573728084564,
    0.37041598558425903,
    0.3896859288215637,
    0.38314688205718994,
    0.1460491269826889,
    0.3586044907569885,
    0.37067264318466187,
    0.38286691904067993,
    0.37290939688682556,
    0.39724424481391907,
    0.3662722110748291,
    0.3665432929992676,
    0.3494311273097992,
    0.3508184254169464,
    0.38642051815986633,
    0.35935190320014954,
    0.36070817708969116,
    0.10441330820322037,
    0.3683711886405945,
    0.37469691038131714,
    0.3782791495323181,
    0.3955385684967041,
    0.40346112847328186,
    0.37871137261390686,
    0.3552364110946655,
    0.3583166301250458,
    0.3670079708099365,
    0.37719184160232544,
    0.3909560739994049,
    0.3686881363391876,
    0.3381448984146118
  ],
  "final_loss": 5861.82080078125
}