{
  "y_peak_ovr": {
    "train": {
      "n": 418,
      "rmse": 1.4250801382607778,
      "mae": 1.140349707234134,
      "r2": 0.483300192738635,
      "spearman": 0.7956361371475793
    },
    "val": {
      "n": 161,
      "rmse": 1.7961363562294446,
      "mae": 1.476736898675607,
      "r2": -0.14150660941581705,
      "spearman": 0.1705036592029697
    },
    "test": {
      "n": 219,
      "rmse": 1.8794770360154769,
      "mae": 1.5822610090933231,
      "r2": -0.46921980644842587,
      "spearman": -0.030512154851088893
    },
    "config": {
      "type": "regression",
      "weight_col": "peak_poss",
      "description": "Peak 3-year RAPM (primary)"
    }
  },
  "gap_ts_legacy": {
    "train": {
      "n": 380,
      "rmse": 0.0525980320423947,
      "mae": 0.03496019508451301,
      "r2": 0.7989669545798032,
      "spearman": 0.8949365081621428
    },
    "val": {
      "n": 132,
      "rmse": 0.09121276802919913,
      "mae": 0.06943820766656596,
      "r2": 0.443053061698107,
      "spearman": 0.47743578237752593
    },
    "test": {
      "n": 189,
      "rmse": 0.10202039286614803,
      "mae": 0.07183684946856804,
      "r2": 0.36059823876426167,
      "spearman": 0.5302458273342932
    },
    "config": {
      "type": "regression",
      "weight_col": "year1_mp",
      "description": "TS% translation (NBA Y1 - College Final)"
    }
  },
  "year1_epm_tot": {
    "train": {
      "n": 380,
      "rmse": 1.1281449274465754,
      "mae": 0.8442016822083641,
      "r2": 0.5346853956135325,
      "spearman": 0.8106088070996718
    },
    "val": {
      "n": 132,
      "rmse": 1.7005200841088772,
      "mae": 1.3777620025467034,
      "r2": -0.13338431499058157,
      "spearman": 0.11036613045451933
    },
    "test": {
      "n": 189,
      "rmse": 1.7755258871120811,
      "mae": 1.4419524188381698,
      "r2": -0.14350368948619696,
      "spearman": 0.023864626104267764
    },
    "config": {
      "type": "regression",
      "weight_col": "year1_mp",
      "description": "Year-1 EPM total"
    }
  },
  "made_nba": {
    "train": {
      "n": 479,
      "auc": 0.9424460431654677,
      "accuracy": 0.9665970772442589
    },
    "val": {
      "n": 186,
      "auc": 0.5375196993574979,
      "accuracy": 0.6236559139784946
    },
    "test": {
      "n": 245,
      "auc": 0.49534161490683226,
      "accuracy": 0.6285714285714286
    },
    "config": {
      "type": "binary",
      "weight_col": null,
      "description": "Made NBA (Year-1 minutes >= 100)"
    }
  }
}