{
  "y_peak_ovr": {
    "train": {
      "n": 422,
      "rmse": 1.6662065598030886,
      "mae": 1.3565715314190108,
      "r2": 0.2956006924926581,
      "spearman": 0.773105760285296
    },
    "val": {
      "n": 157,
      "rmse": 1.789569466069592,
      "mae": 1.4646831593102518,
      "r2": -0.11178233029431328,
      "spearman": -0.0052035364207288805
    },
    "test": {
      "n": 223,
      "rmse": 1.7835771175580821,
      "mae": 1.4832193853194937,
      "r2": -0.32047348119296326,
      "spearman": -0.0014603401852652492
    },
    "config": {
      "type": "regression",
      "weight_col": "peak_poss",
      "description": "Peak 3-year RAPM (primary)"
    }
  },
  "gap_ts_legacy": {
    "train": {
      "n": 376,
      "rmse": 0.08247111562260676,
      "mae": 0.05821111937316483,
      "r2": 0.44198536357275586,
      "spearman": 0.760004063434731
    },
    "val": {
      "n": 127,
      "rmse": 0.11957187392049168,
      "mae": 0.07633226559077942,
      "r2": 0.05349866784309265,
      "spearman": 0.2716008155230596
    },
    "test": {
      "n": 192,
      "rmse": 0.10542349306952939,
      "mae": 0.07333411131641694,
      "r2": 0.12264992571188504,
      "spearman": 0.43789334834386795
    },
    "config": {
      "type": "regression",
      "weight_col": "year1_mp",
      "description": "TS% translation (NBA Y1 - College Final)"
    }
  },
  "year1_epm_tot": {
    "train": {
      "n": 383,
      "rmse": 1.052777500434265,
      "mae": 0.7808207859963949,
      "r2": 0.601432952158353,
      "spearman": 0.8297167425270476
    },
    "val": {
      "n": 129,
      "rmse": 1.6464829491790416,
      "mae": 1.3561962405179813,
      "r2": -0.052926729936691785,
      "spearman": 0.1700357781753131
    },
    "test": {
      "n": 193,
      "rmse": 1.7001694892341566,
      "mae": 1.3559007802484462,
      "r2": -0.04648816194868943,
      "spearman": 0.13412911970514396
    },
    "config": {
      "type": "regression",
      "weight_col": "year1_mp",
      "description": "Year-1 EPM total"
    }
  },
  "made_nba": {
    "train": {
      "n": 483,
      "auc": 0.5,
      "accuracy": 0.7101449275362319
    },
    "val": {
      "n": 183,
      "auc": 0.5,
      "accuracy": 0.6010928961748634
    },
    "test": {
      "n": 250,
      "auc": 0.5,
      "accuracy": 0.66
    },
    "config": {
      "type": "binary",
      "weight_col": null,
      "description": "Made NBA (Year-1 minutes >= 100)"
    }
  }
}