{
  "k_max": 32,
  "k_effective": 32,
  "n_interactions_total": 496,
  "n_interactions_active": 220,
  "alpha_mean": [
    0.8172292113304138,
    0.5813447833061218,
    0.9179033637046814,
    1.4857759475708008,
    0.8981364965438843,
    0.6194789409637451,
    0.4111211597919464,
    0.5583783984184265,
    0.45126721262931824,
    0.8927993774414062,
    0.672144889831543,
    0.6716001629829407,
    0.6708436012268066,
    0.8317933678627014,
    1.1135700941085815,
    0.6581354737281799,
    1.0067249536514282,
    0.8724987506866455,
    1.5816373825073242,
    1.0473402738571167,
    0.5794789791107178,
    0.9715178608894348,
    0.5927906632423401,
    1.1178237199783325,
    0.7968584299087524,
    0.8805127739906311,
    0.6270207762718201,
    1.66019868850708,
    1.096640706062317,
    0.860876202583313,
    0.7192133069038391,
    1.289665937423706
  ],
  "alpha_std": [
    0.08212977647781372,
    0.05697935074567795,
    0.08707975596189499,
    0.13815726339817047,
    0.08123014867305756,
    0.057325586676597595,
    0.03892629221081734,
    0.056345634162425995,
    0.047444432973861694,
    0.08258465677499771,
    0.06907813996076584,
    0.06220300495624542,
    0.06766436994075775,
    0.08830732107162476,
    0.10995883494615555,
    0.06336578726768494,
    0.09594902396202087,
    0.08235226571559906,
    0.15313252806663513,
    0.09321221709251404,
    0.056282415986061096,
    0.0911940187215805,
    0.05419808626174927,
    0.1103246808052063,
    0.07629776746034622,
    0.08467582613229752,
    0.061802759766578674,
    0.15018713474273682,
    0.10596498101949692,
    0.08557229489088058,
    0.06980603188276291,
    0.11955365538597107
  ],
  "beta_mean": [
    0.09936316311359406,
    0.012100256979465485,
    -0.21700845658779144,
    0.08607953786849976,
    0.40301525592803955,
    0.13797558844089508,
    -0.02965451590716839,
    -0.035135526210069656,
    0.2512686252593994,
    0.3852967917919159,
    -0.44684872031211853,
    -0.1396639049053192,
    0.2556796371936798,
    0.36100515723228455,
    -0.2502025365829468,
    0.2021150439977646,
    -0.018756896257400513,
    0.015546134673058987,
    -0.13975752890110016,
    0.5543206334114075,
    0.2022579461336136,
    0.2356298565864563,
    0.14691540598869324,
    0.08655324578285217,
    -0.03539229556918144,
    0.16502107679843903,
    -0.1996397227048874,
    -0.09326256811618805,
    0.07990047335624695,
    0.059530578553676605,
    -0.07790719717741013,
    0.3463464677333832
  ],
  "beta_std": [
    0.10299185663461685,
    0.10189404338598251,
    0.10086360573768616,
    0.10425380617380142,
    0.1066795289516449,
    0.09553387761116028,
    0.0987149178981781,
    0.10319079458713531,
    0.1058783307671547,
    0.10154914855957031,
    0.09995204955339432,
    0.09391435235738754,
    0.09368349611759186,
    0.09352335333824158,
    0.1026892215013504,
    0.0966423898935318,
    0.09439072757959366,
    0.10251262784004211,
    0.0950789675116539,
    0.10086756944656372,
    0.10019329190254211,
    0.0973694920539856,
    0.10052980482578278,
    0.09792853891849518,
    0.09933514147996902,
    0.1053287535905838,
    0.09704191237688065,
    0.09028860926628113,
    0.10092265158891678,
    0.10108701884746552,
    0.09713786095380783,
    0.08631876111030579
  ],
  "final_loss": 234589.9375
}