{
  "k_max": 32,
  "k_effective": 0,
  "n_interactions_total": 496,
  "n_interactions_active": 7,
  "alpha_mean": [
    0.0029461218509823084,
    0.0031502654310315847,
    0.0034930959809571505,
    0.0028825702611356974,
    0.0032897552009671926,
    0.0028147201519459486,
    0.003394818864762783,
    0.0032756177242845297,
    0.0028947966638952494,
    0.003182650078088045,
    0.0034246454015374184,
    0.003259421559050679,
    0.0030475014355033636,
    0.0030138411093503237,
    0.0031275025103241205,
    0.003446765709668398,
    0.003031711094081402,
    0.0032896040938794613,
    0.0031680867541581392,
    0.0028793122619390488,
    0.003160929074510932,
    0.0034073733258992434,
    0.0033411013428121805,
    0.029466036707162857,
    0.0032375818118453026,
    0.002864334499463439,
    0.002840934321284294,
    0.0034082094207406044,
    0.0031699719838798046,
    0.003299596719443798,
    0.0033591703977435827,
    0.0035241132136434317
  ],
  "alpha_std": [
    0.002296069636940956,
    0.002308762399479747,
    0.003088070312514901,
    0.00221024127677083,
    0.0027793683111667633,
    0.0022411171812564135,
    0.002682795748114586,
    0.0031168805435299873,
    0.0023382895160466433,
    0.0026240290608257055,
    0.0025939757470041513,
    0.0027863604482263327,
    0.0025598749052733183,
    0.0023773962166160345,
    0.0023706089705228806,
    0.002745597390457988,
    0.0024154300335794687,
    0.0026303089689463377,
    0.0025460035540163517,
    0.0020429512951523066,
    0.0025880748871713877,
    0.002746674232184887,
    0.0023891518358141184,
    0.002556652296334505,
    0.002751742023974657,
    0.002188780577853322,
    0.002206997713074088,
    0.002726268256083131,
    0.0023576568346470594,
    0.0028852957766503096,
    0.0028774000238627195,
    0.0031831644009798765
  ],
  "beta_mean": [
    -0.02096245251595974,
    -0.027427999302744865,
    0.045789457857608795,
    0.002961386926472187,
    -0.023299189284443855,
    0.007708976045250893,
    -0.03783296421170235,
    0.000600120984017849,
    0.012887449003756046,
    0.01870601437985897,
    -0.004808497615158558,
    0.01209587138146162,
    0.020668989047408104,
    0.014318391680717468,
    -0.051625996828079224,
    -0.04658149927854538,
    -0.014457698911428452,
    0.044746942818164825,
    0.010488172993063927,
    0.0015949642984196544,
    -0.03308269754052162,
    -0.015847396105527878,
    0.01375315710902214,
    0.6887919902801514,
    0.0037602263037115335,
    -0.0032936662901192904,
    0.05683646723628044,
    0.022373180836439133,
    0.05881282687187195,
    -0.0030036643147468567,
    0.05142778530716896,
    0.06543126702308655
  ],
  "beta_std": [
    0.3662949204444885,
    0.3850058317184448,
    0.38343915343284607,
    0.3979509174823761,
    0.38999465107917786,
    0.3798195719718933,
    0.3702222406864166,
    0.3834594190120697,
    0.3883243799209595,
    0.3721349537372589,
    0.3965001404285431,
    0.37510186433792114,
    0.3708537220954895,
    0.3548477292060852,
    0.3591770529747009,
    0.3966110050678253,
    0.35928189754486084,
    0.3640168309211731,
    0.38238927721977234,
    0.37511807680130005,
    0.36614370346069336,
    0.37858718633651733,
    0.40710774064064026,
    0.12739647924900055,
    0.3777501583099365,
    0.3711809813976288,
    0.364910751581192,
    0.36829379200935364,
    0.38913702964782715,
    0.3992891013622284,
    0.36049485206604004,
    0.3630884885787964
  ],
  "final_loss": 5826.13525390625
}