{
  "k_max": 32,
  "k_effective": 0,
  "n_interactions_total": 496,
  "n_interactions_active": 8,
  "alpha_mean": [
    0.003148475429043174,
    0.0030000426340848207,
    0.0035892105661332607,
    0.0031332827638834715,
    0.04154197871685028,
    0.0030061432626098394,
    0.0032588932663202286,
    0.0033886467572301626,
    0.0032986013684421778,
    0.010273960418999195,
    0.0034028328955173492,
    0.003453837474808097,
    0.0031673579942435026,
    0.0032516003120690584,
    0.003423696616664529,
    0.0036229866091161966,
    0.0031709817703813314,
    0.0034138516057282686,
    0.0033580048475414515,
    0.003089872421696782,
    0.0032859398052096367,
    0.0036815283820033073,
    0.003345789620652795,
    0.0034918077290058136,
    0.0033541875891387463,
    0.002918634098023176,
    0.00395192252472043,
    0.0034884815104305744,
    0.00318852998316288,
    0.0031532826833426952,
    0.0035874834284186363,
    0.003383105620741844
  ],
  "alpha_std": [
    0.002495658118277788,
    0.0022159707732498646,
    0.0030623993370682,
    0.002492588944733143,
    0.00253612594678998,
    0.00249456986784935,
    0.0026239624712616205,
    0.0032360395416617393,
    0.0025880613829940557,
    0.0040296525694429874,
    0.002721046796068549,
    0.003087399760261178,
    0.002778921276330948,
    0.0024819127283990383,
    0.002726395148783922,
    0.002639107871800661,
    0.0024872669018805027,
    0.002908833557739854,
    0.0028179637156426907,
    0.0022064654622226954,
    0.002812155056744814,
    0.0028912751004099846,
    0.0023508346639573574,
    0.003083530580624938,
    0.0030206642113626003,
    0.002305635716766119,
    0.002601171610876918,
    0.0027164549101144075,
    0.0024813904892653227,
    0.002682824619114399,
    0.003172134980559349,
    0.003032329026609659
  ],
  "beta_mean": [
    0.007384725380688906,
    0.002940931124612689,
    0.04550197347998619,
    -0.01503263134509325,
    0.5599282383918762,
    -0.002611226635053754,
    -0.0034403710160404444,
    0.011686223559081554,
    0.0006663588574156165,
    -0.5212748050689697,
    0.007117409259080887,
    0.04052070155739784,
    0.04933499917387962,
    0.004951954819262028,
    -0.05581868067383766,
    -0.046143531799316406,
    -0.016908153891563416,
    0.030906761065125465,
    -0.013300199061632156,
    -0.020235944539308548,
    -0.04686353728175163,
    -0.04094364494085312,
    0.05241008102893829,
    -0.03771396353840828,
    0.02613944187760353,
    -0.01684563048183918,
    0.012649182230234146,
    0.03223266080021858,
    0.04590160772204399,
    -0.020010050386190414,
    0.06258463114500046,
    0.049104176461696625
  ],
  "beta_std": [
    0.3670884966850281,
    0.3900458514690399,
    0.3778266906738281,
    0.3981526494026184,
    0.0971064418554306,
    0.39412006735801697,
    0.3661905825138092,
    0.378900945186615,
    0.38215234875679016,
    0.27144524455070496,
    0.4097115695476532,
    0.3733384609222412,
    0.3778834640979767,
    0.35168009996414185,
    0.35086876153945923,
    0.3873915672302246,
    0.36074578762054443,
    0.36687466502189636,
    0.37359169125556946,
    0.3792433738708496,
    0.3744541108608246,
    0.37288370728492737,
    0.41066059470176697,
    0.40963250398635864,
    0.38671794533729553,
    0.35826557874679565,
    0.34733638167381287,
    0.37347882986068726,
    0.38093864917755127,
    0.39037585258483887,
    0.3663378357887268,
    0.3632206916809082
  ],
  "final_loss": 5843.5888671875
}