{
  "k_max": 32,
  "k_effective": 32,
  "n_interactions_total": 496,
  "n_interactions_active": 204,
  "alpha_mean": [
    0.7502101063728333,
    0.5991489887237549,
    0.8823209404945374,
    1.469363808631897,
    0.7963420748710632,
    0.6241887211799622,
    0.36122405529022217,
    0.5429465770721436,
    0.41612526774406433,
    0.8628706932067871,
    0.5615092515945435,
    0.6303176283836365,
    0.6744541525840759,
    0.8109679222106934,
    1.0666054487228394,
    0.5980699062347412,
    0.9917856454849243,
    0.8043763637542725,
    1.527778148651123,
    0.9847586750984192,
    0.5664492845535278,
    0.9085187315940857,
    0.5879736542701721,
    1.0639865398406982,
    0.72693932056427,
    0.7139852046966553,
    0.6517805457115173,
    1.6325578689575195,
    1.0227397680282593,
    0.8192160129547119,
    0.7157553434371948,
    1.2740823030471802
  ],
  "alpha_std": [
    0.07179389894008636,
    0.058694493025541306,
    0.08563730120658875,
    0.1394588202238083,
    0.0748671367764473,
    0.06401313841342926,
    0.037232477217912674,
    0.053261227905750275,
    0.041439272463321686,
    0.0789695605635643,
    0.05530155077576637,
    0.059229280799627304,
    0.06251455098390579,
    0.07864305377006531,
    0.10528986155986786,
    0.05658616125583649,
    0.08579481393098831,
    0.07924025505781174,
    0.1396445482969284,
    0.08663555979728699,
    0.05602318048477173,
    0.08911672234535217,
    0.055408407002687454,
    0.11135201156139374,
    0.06693561375141144,
    0.06847763061523438,
    0.06389137357473373,
    0.14902819693088531,
    0.10454756021499634,
    0.07760798186063766,
    0.07428310811519623,
    0.12452197074890137
  ],
  "beta_mean": [
    0.14107103645801544,
    0.05774582549929619,
    -0.21895530819892883,
    0.005501757841557264,
    0.4071437120437622,
    0.14327383041381836,
    -0.034502822905778885,
    -0.14546243846416473,
    0.19538752734661102,
    0.3793322443962097,
    -0.5129293203353882,
    -0.22791263461112976,
    0.2817917466163635,
    0.2696024179458618,
    -0.2732662260532379,
    0.21007610857486725,
    -0.06817277520895004,
    0.037970706820487976,
    -0.12657536566257477,
    0.5039299726486206,
    0.25442391633987427,
    0.26860755681991577,
    0.07090529054403305,
    0.1405518800020218,
    -0.020977996289730072,
    0.13983595371246338,
    -0.09803762286901474,
    -0.06780781596899033,
    0.16694404184818268,
    0.04912341758608818,
    -0.04096292704343796,
    0.25480490922927856
  ],
  "beta_std": [
    0.09518119692802429,
    0.10089237242937088,
    0.09466375410556793,
    0.0980280265212059,
    0.10438099503517151,
    0.09328103810548782,
    0.09917658567428589,
    0.09708616137504578,
    0.10693056136369705,
    0.0950157567858696,
    0.10571688413619995,
    0.09852668642997742,
    0.09577186405658722,
    0.09868210554122925,
    0.09491124004125595,
    0.0996943935751915,
    0.09751098603010178,
    0.09747433662414551,
    0.09123378247022629,
    0.09789851307868958,
    0.09818731248378754,
    0.09328704327344894,
    0.10447655618190765,
    0.1040966808795929,
    0.10318539291620255,
    0.09397976100444794,
    0.10079269856214523,
    0.09092013537883759,
    0.10396967828273773,
    0.10204623639583588,
    0.09699546545743942,
    0.09210281074047089
  ],
  "final_loss": 292551.71875
}