{
  "y_peak_ovr": {
    "train": {
      "n": 473,
      "rmse": 1.8253065899437646,
      "mae": 1.4894672841907146,
      "r2": 0.16353201600695766,
      "spearman": 0.6709429873433805
    },
    "val": {
      "n": 161,
      "rmse": 1.8050978189582578,
      "mae": 1.4912604845680806,
      "r2": -0.1474177263254426,
      "spearman": 0.039333726334384395
    },
    "test": {
      "n": 219,
      "rmse": 1.8757182665663574,
      "mae": 1.5772501425111676,
      "r2": -0.482041073765473,
      "spearman": -0.07780690575631333
    },
    "config": {
      "type": "regression",
      "weight_col": "peak_poss",
      "description": "Peak 3-year RAPM (primary)"
    }
  },
  "gap_ts_legacy": {
    "train": {
      "n": 429,
      "rmse": 0.06253376755778187,
      "mae": 0.042611466026749784,
      "r2": 0.7417348770828686,
      "spearman": 0.8554385735329121
    },
    "val": {
      "n": 132,
      "rmse": 0.09058145635208259,
      "mae": 0.06703358926867739,
      "r2": 0.45073598422501604,
      "spearman": 0.5024393043677897
    },
    "test": {
      "n": 189,
      "rmse": 0.09829125786123445,
      "mae": 0.07084275438879147,
      "r2": 0.40648782703955266,
      "spearman": 0.5012673527791109
    },
    "config": {
      "type": "regression",
      "weight_col": "year1_mp",
      "description": "TS% translation (NBA Y1 - College Final)"
    }
  },
  "year1_epm_tot": {
    "train": {
      "n": 429,
      "rmse": 1.5921315621040575,
      "mae": 1.2767124804674377,
      "r2": 0.07715980286276714,
      "spearman": 0.5990040016393591
    },
    "val": {
      "n": 132,
      "rmse": 1.7276686048128713,
      "mae": 1.4406831676497487,
      "r2": -0.16986177205341724,
      "spearman": 0.06289500150668464
    },
    "test": {
      "n": 189,
      "rmse": 1.75833634337228,
      "mae": 1.4246212693497915,
      "r2": -0.12146947784713613,
      "spearman": 0.12656386228329558
    },
    "config": {
      "type": "regression",
      "weight_col": "year1_mp",
      "description": "Year-1 EPM total"
    }
  },
  "made_nba": {
    "train": {
      "n": 538,
      "auc": 0.6282894736842105,
      "accuracy": 0.7899628252788105
    },
    "val": {
      "n": 186,
      "auc": 0.5229724815129106,
      "accuracy": 0.6236559139784946
    },
    "test": {
      "n": 245,
      "auc": 0.5082815734989649,
      "accuracy": 0.6530612244897959
    },
    "config": {
      "type": "binary",
      "weight_col": null,
      "description": "Made NBA (Year-1 minutes >= 100)"
    }
  }
}