{
  "k_max": 32,
  "k_effective": 0,
  "n_interactions_total": 496,
  "n_interactions_active": 9,
  "alpha_mean": [
    0.0025646185968071222,
    0.0026927022263407707,
    0.003530841553583741,
    0.0026996673550456762,
    0.0028153201565146446,
    0.013784593902528286,
    0.002772020176053047,
    0.003016731468960643,
    0.002515875268727541,
    0.002793396357446909,
    0.0028860438615083694,
    0.002981083234772086,
    0.002891404554247856,
    0.0028171883895993233,
    0.0027601500041782856,
    0.0028373058885335922,
    0.0027571977116167545,
    0.002970469184219837,
    0.035091057419776917,
    0.0026834304444491863,
    0.00301746791228652,
    0.0030104576144367456,
    0.0027977731078863144,
    0.003050112398341298,
    0.0027912145014852285,
    0.002359662903472781,
    0.002557725179940462,
    0.0029362239874899387,
    0.002771817846223712,
    0.002682692836970091,
    0.003004452446475625,
    0.003135385224595666
  ],
  "alpha_std": [
    0.0019682610873132944,
    0.0020799809135496616,
    0.0027618277817964554,
    0.002166799269616604,
    0.0024505234323441982,
    0.003023802535608411,
    0.002236071042716503,
    0.0029037436470389366,
    0.001957632601261139,
    0.0022599822841584682,
    0.002372391987591982,
    0.002561755944043398,
    0.0023913623299449682,
    0.002311586169525981,
    0.0021569514647126198,
    0.002354462631046772,
    0.0022551792208105326,
    0.0025379962753504515,
    0.002118490170687437,
    0.0018346188589930534,
    0.0026307376101613045,
    0.002402332378551364,
    0.0019368039211258292,
    0.002657803473994136,
    0.0024068565107882023,
    0.0018019130220636725,
    0.002059786580502987,
    0.002332008443772793,
    0.002145312959328294,
    0.0023004435934126377,
    0.002714434638619423,
    0.0027421179693192244
  ],
  "beta_mean": [
    -0.007359928917139769,
    -0.004812729079276323,
    0.03411514312028885,
    0.018333207815885544,
    -0.029913028702139854,
    0.7137770652770996,
    -0.02402588166296482,
    0.0061011044308543205,
    -0.004770512692630291,
    0.016836639493703842,
    0.008288467302918434,
    0.025001561269164085,
    0.006417480297386646,
    0.0031836729031056166,
    -0.06635241955518723,
    -0.0309502761811018,
    -0.018401268869638443,
    0.016999704763293266,
    -0.594410240650177,
    -0.009942920878529549,
    -0.030866626650094986,
    -0.018552517518401146,
    0.03626316040754318,
    -0.03569220006465912,
    0.008032707497477531,
    -0.020730046555399895,
    0.04689451679587364,
    0.025378111749887466,
    0.028706632554531097,
    -0.015485416166484356,
    0.04488528519868851,
    0.042916230857372284
  ],
  "beta_std": [
    0.38269907236099243,
    0.39502984285354614,
    0.38081005215644836,
    0.401358425617218,
    0.39352962374687195,
    0.19632495939731598,
    0.36684805154800415,
    0.3946074843406677,
    0.39275410771369934,
    0.3784594237804413,
    0.4128332734107971,
    0.37632498145103455,
    0.37966296076774597,
    0.3556216061115265,
    0.3647943437099457,
    0.40210357308387756,
    0.36568984389305115,
    0.36706286668777466,
    0.09308984130620956,
    0.3778086304664612,
    0.38524535298347473,
    0.38397857546806335,
    0.4104231894016266,
    0.41616129875183105,
    0.38487207889556885,
    0.3721120357513428,
    0.3718625009059906,
    0.3769116699695587,
    0.3927081525325775,
    0.40085867047309875,
    0.3715902864933014,
    0.3643532693386078
  ],
  "final_loss": 5841.357421875
}