{
  "y_peak_ovr": {
    "train": {
      "n": 422,
      "rmse": 1.3118323085392463,
      "mae": 1.0522803893671218,
      "r2": 0.5633656627584276,
      "spearman": 0.829226869506326
    },
    "val": {
      "n": 157,
      "rmse": 1.7910697229421702,
      "mae": 1.439772572980565,
      "r2": -0.11364720144556073,
      "spearman": 0.06197418079157729
    },
    "test": {
      "n": 223,
      "rmse": 1.8461502035282074,
      "mae": 1.5204098241452144,
      "r2": -0.41475085456977867,
      "spearman": 0.002824370421298481
    },
    "config": {
      "type": "regression",
      "weight_col": "peak_poss",
      "description": "Peak 3-year RAPM (primary)"
    }
  },
  "gap_ts_legacy": {
    "train": {
      "n": 376,
      "rmse": 0.0810547733368145,
      "mae": 0.05639706224601888,
      "r2": 0.46098724446941663,
      "spearman": 0.7610142784581523
    },
    "val": {
      "n": 127,
      "rmse": 0.11890470714356394,
      "mae": 0.07579067992860347,
      "r2": 0.06403145496552709,
      "spearman": 0.3536803993250843
    },
    "test": {
      "n": 192,
      "rmse": 0.10577989476708094,
      "mae": 0.07427585326689506,
      "r2": 0.11670784211267204,
      "spearman": 0.4489545750481514
    },
    "config": {
      "type": "regression",
      "weight_col": "year1_mp",
      "description": "TS% translation (NBA Y1 - College Final)"
    }
  },
  "year1_epm_tot": {
    "train": {
      "n": 383,
      "rmse": 0.9667608888907443,
      "mae": 0.7185411935414645,
      "r2": 0.6639016774082194,
      "spearman": 0.8628492499693107
    },
    "val": {
      "n": 129,
      "rmse": 1.6632291208059384,
      "mae": 1.371694187559101,
      "r2": -0.07445402321372852,
      "spearman": 0.18917151162790702
    },
    "test": {
      "n": 193,
      "rmse": 1.764098209774005,
      "mae": 1.4137853554193487,
      "r2": -0.1266665536704661,
      "spearman": 0.018832460872816623
    },
    "config": {
      "type": "regression",
      "weight_col": "year1_mp",
      "description": "Year-1 EPM total"
    }
  },
  "made_nba": {
    "train": {
      "n": 483,
      "auc": 0.7892857142857143,
      "accuracy": 0.8778467908902692
    },
    "val": {
      "n": 183,
      "auc": 0.5137608966376089,
      "accuracy": 0.6065573770491803
    },
    "test": {
      "n": 250,
      "auc": 0.5081996434937611,
      "accuracy": 0.652
    },
    "config": {
      "type": "binary",
      "weight_col": null,
      "description": "Made NBA (Year-1 minutes >= 100)"
    }
  }
}