{
  "k_max": 32,
  "k_effective": 32,
  "n_interactions_total": 496,
  "n_interactions_active": 199,
  "alpha_mean": [
    0.7601854205131531,
    0.5991489887237549,
    0.8823018670082092,
    1.469272255897522,
    0.7963804602622986,
    0.6293762922286987,
    0.35926538705825806,
    0.5460376143455505,
    0.4161500334739685,
    0.8628021478652954,
    0.5615033507347107,
    0.6302895545959473,
    0.6744541525840759,
    0.8110390901565552,
    1.0667810440063477,
    0.5980909466743469,
    0.9917856454849243,
    0.8043763637542725,
    1.527778148651123,
    0.9847586750984192,
    0.5664531588554382,
    0.9085187315940857,
    0.5879905819892883,
    1.0639865398406982,
    0.72693932056427,
    0.7139852046966553,
    0.657052218914032,
    1.6325578689575195,
    1.022670030593872,
    0.809453010559082,
    0.7157553434371948,
    1.2740823030471802
  ],
  "alpha_std": [
    0.07274849712848663,
    0.058694493025541306,
    0.08546623587608337,
    0.13809219002723694,
    0.07518797367811203,
    0.06454512476921082,
    0.036545880138874054,
    0.05306556075811386,
    0.04217912256717682,
    0.07819932699203491,
    0.055260878056287766,
    0.05904344841837883,
    0.06251455098390579,
    0.07972650229930878,
    0.10664872825145721,
    0.0568733736872673,
    0.08579481393098831,
    0.07924025505781174,
    0.1396445482969284,
    0.08663555979728699,
    0.0560774952173233,
    0.08911672234535217,
    0.05551096796989441,
    0.11135201156139374,
    0.06693561375141144,
    0.06847763061523438,
    0.06440819054841995,
    0.14902819693088531,
    0.10397075861692429,
    0.07668306678533554,
    0.07428310811519623,
    0.12452197074890137
  ],
  "beta_mean": [
    0.1574169397354126,
    0.047592051327228546,
    -0.21895430982112885,
    0.013289849273860455,
    0.4071947932243347,
    0.14326423406600952,
    -0.02567649446427822,
    -0.1424614042043686,
    0.1744551658630371,
    0.37834832072257996,
    -0.5129197239875793,
    -0.23864996433258057,
    0.281755268573761,
    0.2797965109348297,
    -0.2655077576637268,
    0.21007874608039856,
    -0.06816922128200531,
    0.023739367723464966,
    -0.12657447159290314,
    0.5038767457008362,
    0.26248544454574585,
    0.2645104229450226,
    0.0709056630730629,
    0.13531331717967987,
    -0.03216949850320816,
    0.13070204854011536,
    -0.10062588006258011,
    -0.08533349633216858,
    0.1560084968805313,
    0.03908940404653549,
    -0.04098431020975113,
    0.265021413564682
  ],
  "beta_std": [
    0.0951811820268631,
    0.09941050410270691,
    0.09473544359207153,
    0.09716452658176422,
    0.1034926027059555,
    0.0929156169295311,
    0.09925368428230286,
    0.09708616882562637,
    0.10553424805402756,
    0.09509284049272537,
    0.10513504594564438,
    0.0981040969491005,
    0.09489768743515015,
    0.09854703396558762,
    0.09560752660036087,
    0.10037537664175034,
    0.09672369807958603,
    0.09766600281000137,
    0.09127474576234818,
    0.09604921191930771,
    0.09780668467283249,
    0.0925726443529129,
    0.10448819398880005,
    0.10386247932910919,
    0.10527502745389938,
    0.09292541444301605,
    0.10047481954097748,
    0.08966286480426788,
    0.10337204486131668,
    0.09877736121416092,
    0.09665561467409134,
    0.09241209924221039
  ],
  "final_loss": 287253.6875
}