{
  "k_max": 16,
  "k_effective": 16,
  "n_interactions_total": 120,
  "n_interactions_active": 4,
  "alpha_mean": [
    0.22592367231845856,
    0.21454569697380066,
    0.4820736050605774,
    0.34980466961860657,
    0.24477657675743103,
    0.3374435603618622,
    0.22384752333164215,
    0.17915494740009308,
    0.2939097583293915,
    0.18782013654708862,
    0.2533709406852722,
    0.29708683490753174,
    0.20795944333076477,
    0.27298903465270996,
    0.15984275937080383,
    0.24829457700252533
  ],
  "alpha_std": [
    0.021723708137869835,
    0.02012927085161209,
    0.04516935348510742,
    0.031304940581321716,
    0.021290425211191177,
    0.02990172617137432,
    0.021538445726037025,
    0.01830952614545822,
    0.025476448237895966,
    0.017451195046305656,
    0.02314428985118866,
    0.02571546845138073,
    0.018888169899582863,
    0.027089204639196396,
    0.016755875200033188,
    0.023102037608623505
  ],
  "beta_mean": [
    0.0786101371049881,
    -0.005537253804504871,
    -0.16547082364559174,
    0.019908247515559196,
    0.0625685602426529,
    0.032281018793582916,
    -0.03835513815283775,
    0.006569066550582647,
    0.03611769527196884,
    0.19039615988731384,
    -0.38513484597206116,
    -0.0692937821149826,
    0.1052517220377922,
    0.028407568112015724,
    0.1320047527551651,
    0.009723380208015442
  ],
  "beta_std": [
    0.0789441391825676,
    0.08332910388708115,
    0.07705467939376831,
    0.08821603655815125,
    0.08617836236953735,
    0.07736531645059586,
    0.09355989098548889,
    0.09182810038328171,
    0.08594360947608948,
    0.08755990862846375,
    0.09400255978107452,
    0.08936251699924469,
    0.08817519247531891,
    0.0763557180762291,
    0.09022542834281921,
    0.08753478527069092
  ],
  "final_loss": 11038.001953125
}