{
  "k_max": 32,
  "k_effective": 32,
  "n_interactions_total": 496,
  "n_interactions_active": 231,
  "alpha_mean": [
    0.7799487709999084,
    0.5871535539627075,
    0.988646924495697,
    1.4869194030761719,
    0.8654083013534546,
    0.6620583534240723,
    0.42184916138648987,
    0.5278654098510742,
    0.4532042145729065,
    0.9147559404373169,
    0.6152982711791992,
    0.7066603899002075,
    0.716568112373352,
    0.8678795099258423,
    1.1217784881591797,
    0.6455157995223999,
    1.0426656007766724,
    0.8714770674705505,
    1.6214810609817505,
    1.0384762287139893,
    0.5754205584526062,
    0.8806952834129333,
    0.598382830619812,
    1.0814778804779053,
    0.7635554075241089,
    0.7924464344978333,
    0.6496936678886414,
    1.6927855014801025,
    1.1281569004058838,
    0.8721001148223877,
    0.7025037407875061,
    1.3248411417007446
  ],
  "alpha_std": [
    0.07752644270658493,
    0.05851695314049721,
    0.09860409796237946,
    0.13864588737487793,
    0.07978639006614685,
    0.06307875365018845,
    0.04006246104836464,
    0.052662257105112076,
    0.0477331280708313,
    0.08904054760932922,
    0.06556909531354904,
    0.06599226593971252,
    0.07182019203901291,
    0.09061024338006973,
    0.1086631789803505,
    0.060678087174892426,
    0.09416142851114273,
    0.08536859601736069,
    0.1554221361875534,
    0.0976070836186409,
    0.06204821541905403,
    0.08445614576339722,
    0.051512666046619415,
    0.10939368605613708,
    0.07240839302539825,
    0.07985404133796692,
    0.06505981832742691,
    0.15922221541404724,
    0.10976681858301163,
    0.08519157022237778,
    0.07710755616426468,
    0.1297135353088379
  ],
  "beta_mean": [
    0.10225901752710342,
    0.04701204597949982,
    -0.2666581869125366,
    0.06864122301340103,
    0.34815704822540283,
    0.19462673366069794,
    0.011857419274747372,
    -0.025416160002350807,
    0.19690051674842834,
    0.38593560457229614,
    -0.4635030925273895,
    -0.1382923722267151,
    0.2666764259338379,
    0.3063754737377167,
    -0.2759001553058624,
    0.20389054715633392,
    -0.11469167470932007,
    -0.03939012810587883,
    -0.08466524630784988,
    0.5712011456489563,
    0.28832486271858215,
    0.27861905097961426,
    0.13762862980365753,
    0.1661725789308548,
    -0.07271872460842133,
    0.13770140707492828,
    -0.11206334829330444,
    -0.04985583573579788,
    0.10544861853122711,
    0.07218097895383835,
    -0.13431622087955475,
    0.34607720375061035
  ],
  "beta_std": [
    0.10120370984077454,
    0.10695524513721466,
    0.09707121551036835,
    0.10029924660921097,
    0.10127387195825577,
    0.09764190018177032,
    0.10214865952730179,
    0.09916739910840988,
    0.10262992978096008,
    0.09896942973136902,
    0.10271761566400528,
    0.09417253732681274,
    0.10032221674919128,
    0.08984804898500443,
    0.09877948462963104,
    0.09715878218412399,
    0.09712325781583786,
    0.09404195845127106,
    0.09358951449394226,
    0.09657379984855652,
    0.09535818547010422,
    0.10152765363454819,
    0.09422805905342102,
    0.10339350253343582,
    0.10292159765958786,
    0.09729708731174469,
    0.09732253104448318,
    0.10339035838842392,
    0.10423673689365387,
    0.10479289293289185,
    0.09544442594051361,
    0.09218093007802963
  ],
  "final_loss": 704751.3125
}