{
  "k_max": 32,
  "k_effective": 32,
  "n_interactions_total": 496,
  "n_interactions_active": 231,
  "alpha_mean": [
    0.8832418918609619,
    0.673618495464325,
    1.0702884197235107,
    1.8896872997283936,
    1.0024020671844482,
    0.7601659893989563,
    0.4342500567436218,
    0.6481415033340454,
    0.47330978512763977,
    1.0611248016357422,
    0.7111867070198059,
    0.8133280277252197,
    0.8029016256332397,
    1.004726767539978,
    1.3502906560897827,
    0.7674797773361206,
    1.2196961641311646,
    1.0158050060272217,
    1.9156075716018677,
    1.2355302572250366,
    0.6690352559089661,
    1.1150332689285278,
    0.6691047549247742,
    1.3131756782531738,
    0.9333950877189636,
    0.9300584197044373,
    0.7437675595283508,
    2.0827314853668213,
    1.2799140214920044,
    1.0379934310913086,
    0.8478416800498962,
    1.594157338142395
  ],
  "alpha_std": [
    0.089229054749012,
    0.06864253431558609,
    0.10704413801431656,
    0.19193877279758453,
    0.09461657702922821,
    0.07718424499034882,
    0.04420965537428856,
    0.06563027203083038,
    0.04827524721622467,
    0.10529830306768417,
    0.0707477405667305,
    0.07736645638942719,
    0.08090358227491379,
    0.10439988970756531,
    0.13296867907047272,
    0.0778275579214096,
    0.11810784041881561,
    0.10017137974500656,
    0.19207149744033813,
    0.1186237558722496,
    0.06943746656179428,
    0.1130150780081749,
    0.061045609414577484,
    0.1341460943222046,
    0.09381348639726639,
    0.09419100731611252,
    0.07373791933059692,
    0.20107650756835938,
    0.1235099732875824,
    0.10533778369426727,
    0.08888440579175949,
    0.15845420956611633
  ],
  "beta_mean": [
    0.13532663881778717,
    0.007207558490335941,
    -0.2409731149673462,
    0.07860071212053299,
    0.3967132568359375,
    0.18489690124988556,
    0.0059461635537445545,
    -0.09045970439910889,
    0.22938041388988495,
    0.4283598065376282,
    -0.47374042868614197,
    -0.21656069159507751,
    0.2416067272424698,
    0.31885960698127747,
    -0.2614283561706543,
    0.19149115681648254,
    -0.07119585573673248,
    0.0050439778715372086,
    -0.10811226814985275,
    0.6094745397567749,
    0.2607097327709198,
    0.31056448817253113,
    0.10926970839500427,
    0.171394944190979,
    -0.08503317832946777,
    0.1913813352584839,
    -0.153620645403862,
    -0.08211509138345718,
    0.12689632177352905,
    0.023140521720051765,
    -0.09306779503822327,
    0.37048807740211487
  ],
  "beta_std": [
    0.09592383354902267,
    0.10261175036430359,
    0.09785979986190796,
    0.1038387343287468,
    0.10353383421897888,
    0.09960820525884628,
    0.09870785474777222,
    0.09945391863584518,
    0.10449783504009247,
    0.09646709263324738,
    0.1042260155081749,
    0.09499815106391907,
    0.09680604189634323,
    0.09531381726264954,
    0.10101545602083206,
    0.1011388972401619,
    0.09702347964048386,
    0.09900272637605667,
    0.09657464176416397,
    0.10223240405321121,
    0.0982934832572937,
    0.09748006612062454,
    0.10206674039363861,
    0.10448751598596573,
    0.10039151459932327,
    0.0966663509607315,
    0.09984026849269867,
    0.09924077987670898,
    0.10293221473693848,
    0.10193578153848648,
    0.09861351549625397,
    0.0945492833852768
  ],
  "final_loss": 19082448.0
}