{
  "y_peak_ovr": {
    "train": {
      "n": 229,
      "rmse": 1.7840417364425771,
      "mae": 1.392770366949806,
      "r2": 0.245778175790621,
      "spearman": 0.8910390608692788
    },
    "val": {
      "n": 76,
      "rmse": 1.879934663307622,
      "mae": 1.420307862852749,
      "r2": -0.004250799953598783,
      "spearman": 0.10854631334435301
    },
    "test": {
      "n": 99,
      "rmse": 1.9066396762528401,
      "mae": 1.5744960887745174,
      "r2": -0.19890783443514914,
      "spearman": -0.09148592739844298
    },
    "config": {
      "type": "regression",
      "weight_col": "peak_poss",
      "description": "Peak 3-year RAPM (primary)"
    }
  },
  "gap_ts_legacy": {
    "train": {
      "n": 377,
      "rmse": 0.07793021694737372,
      "mae": 0.05469444113625536,
      "r2": 0.5004902977942689,
      "spearman": 0.7727195361091179
    },
    "val": {
      "n": 127,
      "rmse": 0.12018943294596271,
      "mae": 0.07839792395514694,
      "r2": 0.04369653173006249,
      "spearman": 0.2426591207349081
    },
    "test": {
      "n": 190,
      "rmse": 0.10469919057109997,
      "mae": 0.07175578818483695,
      "r2": 0.11937230728953219,
      "spearman": 0.4354350098632271
    },
    "config": {
      "type": "regression",
      "weight_col": "year1_mp",
      "description": "TS% translation (NBA Y1 - College Final)"
    }
  },
  "year1_epm_tot": {
    "train": {
      "n": 391,
      "rmse": 1.3581658751503978,
      "mae": 1.072181090392865,
      "r2": 0.33408398435629916,
      "spearman": 0.7169904441872298
    },
    "val": {
      "n": 130,
      "rmse": 1.6747082721420523,
      "mae": 1.3949919919898868,
      "r2": -0.08669017242682164,
      "spearman": 0.07699408704201888
    },
    "test": {
      "n": 193,
      "rmse": 1.7156216163725266,
      "mae": 1.378198037433913,
      "r2": -0.07059464288036699,
      "spearman": 0.15790756369852035
    },
    "config": {
      "type": "regression",
      "weight_col": "year1_mp",
      "description": "Year-1 EPM total"
    }
  },
  "made_nba": {
    "train": {
      "n": 496,
      "auc": 0.5,
      "accuracy": 0.7056451612903226
    },
    "val": {
      "n": 185,
      "auc": 0.5,
      "accuracy": 0.6
    },
    "test": {
      "n": 253,
      "auc": 0.5,
      "accuracy": 0.6521739130434783
    },
    "config": {
      "type": "binary",
      "weight_col": null,
      "description": "Made NBA (Year-1 minutes >= 100)"
    }
  }
}