{
  "k_max": 32,
  "k_effective": 32,
  "n_interactions_total": 496,
  "n_interactions_active": 227,
  "alpha_mean": [
    0.7322267293930054,
    0.5812867283821106,
    0.897301197052002,
    1.4831178188323975,
    0.7985786199569702,
    0.6055408716201782,
    0.39349430799484253,
    0.5765450596809387,
    0.3918456435203552,
    0.900150716304779,
    0.6122288703918457,
    0.674305260181427,
    0.6519672274589539,
    0.8237728476524353,
    1.0748512744903564,
    0.6445971131324768,
    0.9950662851333618,
    0.8300811052322388,
    1.550447940826416,
    0.9856494665145874,
    0.5672329664230347,
    0.9430970549583435,
    0.5464779734611511,
    1.1188738346099854,
    0.7853630185127258,
    0.7385661602020264,
    0.6735682487487793,
    1.6526085138320923,
    1.0572441816329956,
    0.8348654508590698,
    0.7191182971000671,
    1.2840800285339355
  ],
  "alpha_std": [
    0.07513263076543808,
    0.057018883526325226,
    0.08591170608997345,
    0.13900312781333923,
    0.07004319876432419,
    0.05847451835870743,
    0.03998605161905289,
    0.058832623064517975,
    0.038813717663288116,
    0.08628098666667938,
    0.06406443566083908,
    0.06501517444849014,
    0.06189757212996483,
    0.08042819052934647,
    0.10090706497430801,
    0.06280089169740677,
    0.09051389247179031,
    0.08405381441116333,
    0.1436944305896759,
    0.0891803503036499,
    0.05824511870741844,
    0.09034308046102524,
    0.05145006254315376,
    0.11996129155158997,
    0.07695004343986511,
    0.0711483284831047,
    0.06902222335338593,
    0.14937849342823029,
    0.1052359938621521,
    0.07865428924560547,
    0.07448453456163406,
    0.12475229799747467
  ],
  "beta_mean": [
    0.1676206886768341,
    0.038711823523044586,
    -0.23257270455360413,
    0.06907026469707489,
    0.33838582038879395,
    0.11651962250471115,
    0.02695629745721817,
    -0.10539723187685013,
    0.20286834239959717,
    0.3620973527431488,
    -0.4142407178878784,
    -0.17420615255832672,
    0.24167466163635254,
    0.2745571732521057,
    -0.21162953972816467,
    0.13964779675006866,
    -0.10809825360774994,
    -0.03769100457429886,
    -0.05802125483751297,
    0.48581352829933167,
    0.23311826586723328,
    0.20659968256950378,
    0.11391642689704895,
    0.17240041494369507,
    -0.10666262358427048,
    0.17519114911556244,
    -0.173777773976326,
    -0.06949339807033539,
    0.15744510293006897,
    0.011389542371034622,
    -0.1004461944103241,
    0.3342667520046234
  ],
  "beta_std": [
    0.09496928751468658,
    0.09978168457746506,
    0.10189659893512726,
    0.09631729871034622,
    0.09797082841396332,
    0.09422475099563599,
    0.0979996994137764,
    0.09598714858293533,
    0.11429331451654434,
    0.0977274551987648,
    0.09947459399700165,
    0.0968814492225647,
    0.09389359503984451,
    0.0915168896317482,
    0.09735618531703949,
    0.10474599152803421,
    0.09669879078865051,
    0.10283541679382324,
    0.09068065136671066,
    0.09805572777986526,
    0.10462996363639832,
    0.09727200865745544,
    0.10360933840274811,
    0.10448679327964783,
    0.09654713422060013,
    0.09971699863672256,
    0.09792807698249817,
    0.09398973733186722,
    0.09753406792879105,
    0.099844790995121,
    0.09452404081821442,
    0.0933496430516243
  ],
  "final_loss": 150130.375
}